% Model,CVD_Reactor_Run1_Baseline.mph
% Version,COMSOL 6.4.0.293
% Date,"Jul 16 2026, 21:00"
% Dimension,1
% Nodes,565
% Expressions,1
% Description,Line graph
% r-coordinate (m),Molar concentration; c
0,4.1165742277395154E-4
2.59379078361931E-4,4.3443571237026255E-4
5.18758156723862E-4,4.5721400196657355E-4
7.78137235085793E-4,4.8733840252721824E-4
0.001037516313447724,5.174628030878629E-4
0.0012968953918096472,5.562838741669541E-4
0.0015562744701715704,5.951049452460452E-4
0.0018156535485335014,6.108472187736774E-4
0.0020750326268954324,6.265894923013095E-4
0.0023344117052573636,6.599174105449647E-4
0.0025937907836192944,6.932453287886199E-4
0.002853169861981225,6.933369783134546E-4
0.0031125489403431563,6.934286278382892E-4
0.0033719280187050876,7.270385771251779E-4
0.0036313070970670183,7.606485264120666E-4
0.0038906861754289413,7.823119211572789E-4
0.004150065253790865,8.039753159024913E-4
0.00440944433215278,8.30804718698334E-4
0.004668823410514696,8.576341214941767E-4
0.004928202488876642,8.748764814863415E-4
0.005187581567238589,8.921188414785062E-4
0.00544696064560052,9.169347468718622E-4
0.005706339723962451,9.417506522652182E-4
0.005965718802324382,9.689827906387766E-4
0.006225097880686313,9.962149290123352E-4
0.006484476959048244,0.0010278874416950593
0.006743856037410175,0.0010595599543777837
0.007003235115772083,0.0010667465017895916
0.00726261419413399,0.0010739330492013995
0.007521993272495921,0.0010962722456983212
0.007781372350857852,0.0011186114421952431
0.008040751429219799,0.0011300853419206687
0.008300130507581745,0.001141559241646094
0.008559509585943662,0.0011491781264825391
0.008818888664305576,0.0011567970113189842
0.009078267742667508,0.0011471767091639994
0.009337646821029439,0.0011375564070090145
0.009597025899391385,0.0011273477988343983
0.00985640497775333,0.0011171391906597819
0.010115784056115238,0.001072768821199407
0.010375163134477146,0.0010283984517390323
0.010634542212839094,9.95800077983964E-4
0.01089392129120104,9.632017042288955E-4
0.011153300369562972,9.040838771507089E-4
0.011412679447924902,8.449660500725224E-4
0.011672058526286817,7.792380340740707E-4
0.011931437604648732,7.135100180756191E-4
0.012190816683010662,6.359937477014145E-4
0.012450195761372594,5.584774773272099E-4
0.012709574839734518,4.7434930545271477E-4
0.012968953918096441,3.9022113357821956E-4
0.013228332996458387,3.309038987388351E-4
0.013487712074820335,2.7158666389945064E-4
0.013747091153182265,2.2761337693751678E-4
0.014006470231544195,1.8364008997558294E-4
0.014265849309906126,1.5428828739626438E-4
0.014525228388268058,1.2493648481694584E-4
0.014784607466630004,1.2092787851273034E-4
0.015043986544991951,1.1691927220851485E-4
0.015303365623353882,1.2812029287125748E-4
0.015562744701715814,1.393213135340001E-4
0.015822123780077753,1.5480870843155345E-4
0.016081502858439692,1.702961033291068E-4
0.016340881936801638,1.8353795347085758E-4
0.016600261015163584,1.9677980361260835E-4
0.01685964009352551,2.029026670713736E-4
0.01711901917188743,2.090255305301388E-4
0.01737839825024937,2.222872791940431E-4
0.01763777732861131,2.355490278579474E-4
0.017897156406973248,2.4188576520949836E-4
0.018156535485335187,2.482225025610493E-4
0.018415914563697122,2.37048727189664E-4
0.01867529364205906,2.258749518182787E-4
0.018934672720421,2.1469677276348315E-4
0.01919405179878294,2.035185937086876E-4
0.01945343087714488,1.9643374485074213E-4
0.019712809955506817,1.8934889599279666E-4
0.019972189033868756,1.8526253439104878E-4
0.020231568112230695,1.8117617278930092E-4
0.020490947190592634,1.8132255990623572E-4
0.020750326268954573,1.814689470231705E-4
0.021009705347316512,1.76867375220836E-4
0.02126908442567845,1.7226580341850152E-4
0.021528463504040384,1.6708804466929135E-4
0.021787842582402312,1.619102859200812E-4
0.02204722166076424,1.5577274647358264E-4
0.022306600739126173,1.496352070270841E-4
0.022565979817488112,1.4560687299509153E-4
0.02282535889585005,1.4157853896309893E-4
0.02308473797421199,1.3661344079620797E-4
0.02334411705257393,1.3164834262931703E-4
0.02360349613093586,1.283709467210929E-4
0.023862875209297793,1.250935508128688E-4
0.024122254287659725,1.2119045518285275E-4
0.024381633366021654,1.1728735955283673E-4
0.0246410124443836,1.1421307850252859E-4
0.024900391522745546,1.1113879745222045E-4
0.025159770601107485,1.0738400969942117E-4
0.025419149679469424,1.0362922194662188E-4
0.025678528757831352,1.0006948382189979E-4
0.025937907836193284,9.650974569717769E-5
0.026197286914555216,9.300450828708872E-5
0.02645666599291715,8.949927087699975E-5
0.026716045071279088,8.647546390081872E-5
0.026975424149641027,8.345165692463768E-5
0.027234803228002973,8.052943411072825E-5
0.02749418230636492,7.760721129681883E-5
0.02775356138472685,7.513077710494155E-5
0.02801294046308878,7.265434291306426E-5
0.02827231954145071,7.037856884879916E-5
0.028531698619812643,6.810279478453404E-5
0.02879107769817459,6.610193278849266E-5
0.029050456776536535,6.410107079245128E-5
0.029309835854898474,6.206116571792528E-5
0.029569214933260413,6.002126064339928E-5
0.029828594011622342,5.81311206648497E-5
0.030087973089984274,5.6240980686300115E-5
0.030347352168346213,5.446984684114082E-5
0.030606731246708152,5.2698712995981526E-5
0.030866110325070084,5.104054221058595E-5
0.031125489403432016,4.938237142519038E-5
0.03138486848179396,4.781513775711205E-5
0.03164424756015591,4.6247904089033726E-5
0.03190362663851784,4.483615954641304E-5
0.03216300571687977,4.342441500379235E-5
0.03242238479524171,4.207466541265335E-5
0.03268176387360365,4.0724915821514346E-5
0.03294114295196558,3.972342022058527E-5
0.03320052203032752,3.8721924619656194E-5
0.033459901108689453,3.7719622490446216E-5
0.033719280187051386,3.6717320361236245E-5
0.033978659265413325,3.5791618534393236E-5
0.034238038343775264,3.486591670755023E-5
0.0344974174221372,3.412856828976904E-5
0.03475679650049914,3.339121987198785E-5
0.03501617557886108,3.267570251858516E-5
0.03527555465722302,3.1960185165182475E-5
0.03553493373558496,3.134271242159306E-5
0.0357943128139469,3.072523967800364E-5
0.03605369189230883,3.0260856578347686E-5
0.03631307097067076,2.9796473478691733E-5
0.03657245004903269,2.9427473525252607E-5
0.03683182912739462,2.905847357181348E-5
0.03709120820575656,2.873930814881166E-5
0.0373505872841185,2.842014272580984E-5
0.03760996636248044,2.8163444400655646E-5
0.03786934544084239,2.790674607550145E-5
0.03812872451920432,2.765487458939513E-5
0.03838810359756625,2.7403003103288807E-5
0.038647482675928185,2.7174540787068366E-5
0.03890686175429012,2.694607847084793E-5
0.03916624083265205,2.6742413824777013E-5
0.039425619911013975,2.6538749178706098E-5
0.03968499898937593,2.6339455673197098E-5
0.039944378067737873,2.61401621676881E-5
0.04020375714609981,2.594833161761631E-5
0.04046313622446175,2.575650106754452E-5
0.040722515302823684,2.559830880531531E-5
0.04098189438118561,2.5440116543086102E-5
0.04124127345954754,2.5317746127805317E-5
0.04150065253790947,2.5195375712524533E-5
0.04176003161627142,2.507177210631098E-5
0.042019410694633365,2.494816850009743E-5
0.0422787897729953,2.4828398086231487E-5
0.04253816885135723,2.4708627672365544E-5
0.042797547929719175,2.465265922579937E-5
0.04305692700808112,2.4596690779233195E-5
0.04331630608644305,2.4611789362495072E-5
0.043575685164804985,2.462688794575695E-5
0.04383506424316693,2.4640445238084087E-5
0.04409444332152888,2.4654002530411225E-5
0.0443538223998908,2.4685978575483184E-5
0.044613201478252734,2.4717954620555138E-5
0.044872580556614666,2.4753687152385877E-5
0.0451319596349766,2.4789419684216615E-5
0.04539133871333854,2.483122945716117E-5
0.045650717791700476,2.487303923010573E-5
0.045910096870062415,2.491996818900729E-5
0.046169475948424354,2.4966897147908847E-5
0.04642885502678629,2.5021501714817305E-5
0.04668823410514823,2.5076106281725762E-5
0.046947613183510165,2.5130327070572538E-5
0.0472069922618721,2.5184547859419314E-5
0.04746637134023403,2.5242278579120882E-5
0.047725750418595954,2.530000929882245E-5
0.0479851294969579,2.5352398332245522E-5
0.048244508575319846,2.540478736566859E-5
0.04850388765368178,2.5444811100122802E-5
0.04876326673204371,2.5484834834577013E-5
0.04902264581040565,2.5530265755331686E-5
0.04928202488876759,2.557569667608636E-5
0.04954140396712953,2.5616007530068268E-5
0.049800783045491466,2.5656318384050176E-5
0.050060162123853405,2.569094472424445E-5
0.050319541202215344,2.5725571064438723E-5
0.050578920280577276,2.575334379840887E-5
0.05083829935893921,2.5781116532379015E-5
0.05109767843730115,2.5807036886935928E-5
0.051357057515663086,2.583295724149284E-5
0.05161643659402501,2.585716290841605E-5
0.05187581567238694,2.5881368575339257E-5
0.05213519475074889,2.5902693907462784E-5
0.052394573829110835,2.592401923958631E-5
0.05265395290747276,2.5933876531196235E-5
0.052913331985834686,2.5943733822806156E-5
0.05317271106419663,2.59522050609931E-5
0.05343209014255858,2.596067629918004E-5
0.053691469220920524,2.59652304383001E-5
0.05395084829928247,2.5969784577420164E-5
0.0542102273776444,2.597071258898831E-5
0.054469606456006334,2.5971640600556453E-5
0.05472898553436825,2.5965021079122896E-5
0.05498836461273018,2.5958401557689343E-5
0.05524774369109211,2.5952687160514682E-5
0.05550712276945404,2.594697276334002E-5
0.05576650184781599,2.5937522019417418E-5
0.05602588092617793,2.5928071275494814E-5
0.05628526000453987,2.59116347752932E-5
0.05654463908290181,2.589519827509159E-5
0.05680401816126375,2.5876900163101116E-5
0.05706339723962569,2.5858602051110645E-5
0.05732277631798763,2.5835585450378585E-5
0.05758215539634957,2.581256884964652E-5
0.057841534474711506,2.579157089863916E-5
0.058100913553073445,2.57705729476318E-5
0.058360292631435384,2.5746757003071017E-5
0.05861967170979732,2.5722941058510233E-5
0.05887905078815925,2.5695135785218153E-5
0.05913842986652118,2.5667330511926072E-5
0.05939780894488312,2.5637048814330364E-5
0.05965718802324506,2.560676711673466E-5
0.05991656710160699,2.5575304714895597E-5
0.06017594617996892,2.5543842313056536E-5
0.06043532525833086,2.550898627589093E-5
0.0606947043366928,2.5474130238725326E-5
0.06095408341505474,2.5438815585969606E-5
0.06121346249341668,2.540350093321389E-5
0.06147284157177861,2.5368392814183015E-5
0.06173222065014054,2.5333284695152143E-5
0.06199159972850248,2.5296861805512434E-5
0.06225097880686442,2.5260438915872725E-5
0.06251035788522635,2.5220665584648115E-5
0.0627697369635883,2.5180892253423506E-5
0.06302911604195023,2.5140482119887144E-5
0.06328849512031216,2.5100071986350783E-5
0.06354787419867411,2.50615557961217E-5
0.06380725327703604,2.5023039605892616E-5
0.06406663235539797,2.4983566783176336E-5
0.06432601143375992,2.4944093960460052E-5
0.06458539051212185,2.4897002564850383E-5
0.06484476959048378,2.4849911169240714E-5
0.06510414866884573,2.4804312572960802E-5
0.06536352774720766,2.475871397668089E-5
0.0656229068255696,2.4724821881100648E-5
0.06588228590393154,2.4690929785520402E-5
0.06614166498229349,2.4650304458950624E-5
0.06640104406065542,2.4609679132380846E-5
0.06666042313901735,2.456138908822139E-5
0.06691980221737928,2.4513099044061937E-5
0.06717918129574121,2.444131876695205E-5
0.06743856037410316,2.4369538489842157E-5
0.06769793945246509,2.432742969548335E-5
0.06795731853082702,2.4285320901124543E-5
0.06821669760918897,2.4248239030253905E-5
0.0684760766875509,2.4211157159383268E-5
0.06873545576591283,2.4173817821425097E-5
0.06899483484427477,2.4136478483466923E-5
0.0692542139226367,2.4099685936709435E-5
0.06951359300099864,2.4062893389951947E-5
0.06977297207936059,2.4025969849392285E-5
0.07003235115772252,2.398904630883262E-5
0.07029173023608447,2.3953679387268617E-5
0.07055110931444641,2.3918312465704614E-5
0.07081048839280835,2.388312223524004E-5
0.07106986747117029,2.3847932004775467E-5
0.07132924654953221,2.3812168070450042E-5
0.07158862562789414,2.377640413612462E-5
0.07184800470625607,2.3740241618238868E-5
0.072107383784618,2.3704079100353114E-5
0.07236676286297994,2.366881116687526E-5
0.07262614194134188,2.363354323339741E-5
0.07288552101970383,2.359540682228759E-5
0.07314490009806576,2.3557270411177765E-5
0.0734042791764277,2.35210221966516E-5
0.07366365825478963,2.3484773982125434E-5
0.07392303733315156,2.344601432617842E-5
0.0741824164115135,2.3407254670231404E-5
0.07444179548987545,2.3368504884198486E-5
0.07470117456823738,2.3329755098165567E-5
0.07496055364659931,2.329449674541908E-5
0.07521993272496126,2.3259238392672595E-5
0.07547931180332319,2.3226266210012995E-5
0.07573869088168513,2.319329402735339E-5
0.07599806996004707,2.3157865751441686E-5
0.076257449038409,2.312243747552998E-5
0.07651682811677094,2.308772872352669E-5
0.07677620719513287,2.3053019971523395E-5
0.0770355862734948,2.3018237401053977E-5
0.07729496535185675,2.298345483058456E-5
0.07755434443021869,2.2944763869111908E-5
0.07781372350858062,2.2906072907639257E-5
0.07807310258694256,2.2865102333068884E-5
0.07833248166530449,2.2824131758498508E-5
0.07859186074366642,2.278618202918503E-5
0.07885123982202837,2.2748232299871555E-5
0.07911061890039031,2.2711187396841693E-5
0.07936999797875224,2.267414249381183E-5
0.07962937705711416,2.2638276517958246E-5
0.07988875613547608,2.2602410542104657E-5
0.08014813521383801,2.256622348521377E-5
0.08040751429219996,2.2530036428322885E-5
0.0806668933705619,2.249488805573614E-5
0.08092627244892384,2.2459739683149397E-5
0.08118565152728577,2.2426136665718776E-5
0.08144503060564771,2.2392533648288155E-5
0.08170440968400966,2.2357079782282048E-5
0.08196378876237159,2.2321625916275944E-5
0.08222316784073352,2.2283864226769833E-5
0.08248254691909546,2.224610253726372E-5
0.08274192599745739,2.2211294946348342E-5
0.08300130507581933,2.2176487355432963E-5
0.08326068415418128,2.213904737292508E-5
0.08352006323254321,2.2101607390417202E-5
0.08377944231090514,2.2065551802758854E-5
0.08403882138926708,2.2029496215100506E-5
0.08429820046762901,2.1996920274476948E-5
0.08455757954599095,2.196434433385339E-5
0.0848169586243529,2.1931783278588275E-5
0.08507633770271483,2.189922222332316E-5
0.08533571678107676,2.1861978399742605E-5
0.08559509585943871,2.1824734576162047E-5
0.08585447493780066,2.179058643654122E-5
0.08611385401616259,2.1756438296920394E-5
0.08637323309452452,2.1727771267345878E-5
0.08663261217288644,2.1699104237771365E-5
0.08689199125124838,2.1668746483626482E-5
0.08715137032961032,2.16383887294816E-5
0.08741074940797225,2.1602030302097983E-5
0.08767012848633418,2.156567187471437E-5
0.08792950756469611,2.153149208966159E-5
0.08818888664305806,2.1497312304608807E-5
0.08844826572142,2.146455264840703E-5
0.08870764479978194,2.1431792992205255E-5
0.08896702387814387,2.1398619398995006E-5
0.08922640295650582,2.1365445805784757E-5
0.08948578203486776,2.1329217010613644E-5
0.0897451611132297,2.129298821544253E-5
0.09000454019159163,2.1260124798834478E-5
0.09026391926995357,2.1227261382226425E-5
0.09052329834831549,2.1195142156970585E-5
0.09078267742667742,2.116302293171475E-5
0.09104205650503935,2.1134827561494163E-5
0.0913014355834013,2.110663219127358E-5
0.09156081466176325,2.1078763372415258E-5
0.09182019374012518,2.1050894553556935E-5
0.09207957281848711,2.1021615822852592E-5
0.09233895189684906,2.0992337092148254E-5
0.092598330975211,2.094703780953686E-5
0.09285771005357293,2.090173852692547E-5
0.09311708913193487,2.0837917892732007E-5
0.09337646821029681,2.0774097258538542E-5
0.09363584728865876,2.0719909907610354E-5
0.09389522636702069,2.066572255668217E-5
0.09415460544538262,2.0672750800255905E-5
0.09441398452374454,2.067977904382964E-5
0.09467336360210647,2.0738029329190772E-5
0.0949327426804684,2.079627961455191E-5
0.09519212175883035,2.0844044573169953E-5
0.09545150083719228,2.0891809531787996E-5
0.09571087991555423,2.093014955324946E-5
0.09597025899391617,2.096848957471093E-5
0.0962296380722781,2.0976392057685545E-5
0.09648901715064004,2.098429454066016E-5
0.09674839622900197,2.099222665152313E-5
0.09700777530736392,2.1000158762386096E-5
0.09726715438572586,2.1004329982852916E-5
0.0975265334640878,2.1008501203319735E-5
0.09778591254244973,2.1008940788740584E-5
0.09804529162081167,2.100938037416143E-5
0.09830467069917359,2.1007030714968875E-5
0.09856404977753552,2.100468105577632E-5
0.09882342885589745,2.1003386264542963E-5
0.0990828079342594,2.1002091473309602E-5
0.09934218701262135,2.1001026575181167E-5
0.09960156609098328,2.099996167705273E-5
0.09986094516934521,2.0993898403321382E-5
0.10012032424770716,2.0987835129590035E-5
0.1003797033260691,2.0973734536315924E-5
0.10063908240443104,2.0959633943041813E-5
0.10089846148279297,2.0943246739323264E-5
0.10115784056115491,2.0926859535604715E-5
0.10141721963951683,2.0908571675293252E-5
0.10167659871787876,2.089028381498179E-5
0.10193597779624071,2.0863116611865116E-5
0.10219535687460266,2.0835949408748446E-5
0.10245473595296459,2.080994639237182E-5
0.1027141150313265,2.078394337599519E-5
0.10297349410968845,2.075941950324667E-5
0.10323287318805038,2.0734895630498153E-5
0.10349225226641232,2.070762711752536E-5
0.10375163134477426,2.068035860455257E-5
0.10401101042313621,2.0649262152511686E-5
0.10427038950149814,2.0618165700470805E-5
0.10452976857986007,2.058963015706064E-5
0.10478914765822202,2.0561094613650473E-5
0.10504852673658396,2.0531813955717846E-5
0.1053079058149459,2.050253329778522E-5
0.10556728489330783,2.0473193464653025E-5
0.10582666397166977,2.044385363152083E-5
0.1060860430500317,2.0411553589691508E-5
0.10634542212839364,2.0379253547862182E-5
0.10660480120675557,2.034807637421706E-5
0.1068641802851175,2.0316899200571936E-5
0.10712355936347945,2.0284922200153357E-5
0.10738293844184138,2.025294519973478E-5
0.10764231752020331,2.022199257762793E-5
0.10790169659856526,2.019103995552108E-5
0.1081610756769272,2.016194981458629E-5
0.10842045475528914,2.0132859673651503E-5
0.10867983383365107,2.010075584475768E-5
0.10893921291201301,2.0068652015863862E-5
0.10919859199037493,2.00315922747898E-5
0.10945797106873686,1.999453253371574E-5
0.1097173501470988,1.9960734885057056E-5
0.10997672922546074,1.992693723639837E-5
0.11023610830382269,1.9895324789239027E-5
0.11049548738218462,1.986371234207968E-5
0.11075486646054655,1.9829955077454968E-5
0.11101424553890848,1.9796197812830255E-5
0.11127362461727042,1.97613197856396E-5
0.11153300369563236,1.9726441758448944E-5
0.11179238277399431,1.969517033703251E-5
0.11205176185235624,1.9663898915616078E-5
0.11231114093071817,1.9631746297220706E-5
0.1125705200090801,1.9599593678825335E-5
0.11282989908744204,1.9568215650036612E-5
0.11308927816580398,1.953683762124789E-5
0.11334865724416592,1.9505926670330426E-5
0.11360803632252785,1.947501571941296E-5
0.1138674154008898,1.944688839039502E-5
0.11412679447925173,1.9418761061377083E-5
0.11438617355761366,1.939395743593376E-5
0.11464555263597559,1.9369153810490437E-5
0.11490493171433752,1.9339772639869137E-5
0.11516431079269945,1.9310391469247836E-5
0.11542368987106139,1.9270940115235002E-5
0.11568306894942332,1.9231488761222168E-5
0.11594244802778525,1.9195858670605158E-5
0.1162018271061472,1.9160228579988148E-5
0.11646120618450913,1.91316957812111E-5
0.11672058526287106,1.910316298243405E-5
0.116979964341233,1.9075386782488537E-5
0.11723934341959494,1.9047610582543024E-5
0.11749872249795687,1.9019082205665996E-5
0.1177581015763188,1.8990553828788968E-5
0.11801748065468073,1.8961347302184604E-5
0.11827685973304268,1.893214077558024E-5
0.11853623881140461,1.8901649063941246E-5
0.11879561788976654,1.8871157352302252E-5
0.11905499696812848,1.8843549237010567E-5
0.11931437604649041,1.881594112171888E-5
0.11957375512485235,1.8788433602511478E-5
0.11983313420321429,1.8760926083304074E-5
0.12009251328157622,1.873219393876846E-5
0.12035189235993816,1.8703461794232845E-5
0.12061127143830008,1.867579164892318E-5
0.12087065051666201,1.8648121503613518E-5
0.12113002959502395,1.861894542406733E-5
0.12138940867338589,1.858976934452115E-5
0.12164878775174782,1.8559410661885082E-5
0.12190816683010976,1.852905197924901E-5
0.12216754590847169,1.849696524277497E-5
0.12242692498683362,1.8464878506300934E-5
0.12268630406519557,1.8433245549321725E-5
0.1229456831435575,1.840161259234252E-5
0.12320506222191943,1.8370638950575367E-5
0.12346444130028138,1.8339665308808217E-5
0.12372382037864331,1.83102133621734E-5
0.12398319945700524,1.8280761415538585E-5
0.12424257853536719,1.8251350360007792E-5
0.12450195761372912,1.8221939304477E-5
0.12476133669209105,1.8191189447253345E-5
0.12502071577045298,1.8160439590029693E-5
0.12528009484881492,1.813036077547036E-5
0.12553947392717685,1.8100281960911033E-5
0.12579885300553878,1.8071054925804468E-5
0.1260582320839007,1.8041827890697903E-5
0.12631761116226264,1.8013813728134596E-5
0.1265769902406246,1.798579956557129E-5
0.12683636931898654,1.7956734798813208E-5
0.12709574839734847,1.7927670032055127E-5
0.1273551274757104,1.7901277094392347E-5
0.12761450655407233,1.7874884156729566E-5
0.1278738856324343,1.7850272879965484E-5
0.12813326471079622,1.78256616032014E-5
0.12839264378915816,1.7800967115482494E-5
0.12865202286752006,1.777627262776359E-5
0.12891140194588202,1.7751394185220787E-5
0.12917078102424395,1.7726515742677988E-5
0.12943016010260588,1.770131694991237E-5
0.12968953918096782,1.767611815714675E-5
0.12994891825932975,1.763142761193884E-5
0.13020829733769168,1.7586737066730933E-5
0.1304676764160536,1.757186557354866E-5
0.13072705549441554,1.7556994080366386E-5
0.13098643457277748,1.7596247598779294E-5
0.13124581365113944,1.7635501117192202E-5
0.13150519272950137,1.7667923448334712E-5
0.1317645718078633,1.7700345779477218E-5
0.13202394103505,1.7766483730596302E-5
0.1322833102622367,1.783262168171539E-5
0.13254028200196516,1.789382674414842E-5
0.1327972537416936,1.7955031806581457E-5
0.13304500217348808,1.7979787818300124E-5
0.1332927506052826,1.800454383001879E-5
0.13352778964652587,1.8034674222999293E-5
0.13376282868776915,1.8064804615979792E-5
0.13398581032486637,1.8116062619854357E-5
0.13420879196196359,1.8167320623728926E-5
0.13442033473469106,1.8233866332515925E-5
0.13463187750741856,1.8300412041302927E-5
0.13483256822472184,1.8381969477382256E-5
0.1350332589420251,1.8463526913461586E-5
0.1352236543097971,1.8563027380227966E-5
0.13541404967756915,1.8662527846994346E-5
0.13559467784292445,1.8783249315439312E-5
0.13577530600827978,1.8903970783884275E-5
0.1359466680246077,1.90347139894739E-5
0.13611803004093562,1.9165457195063523E-5
0.1362806012577971,1.9334495292114757E-5
0.13644317247465856,1.950353338916599E-5
0.1365974038563817,1.9664066538200595E-5
0.13675163523810485,1.9824599687235202E-5
0.1368979546147372,1.9996914448825232E-5
0.13704427399136956,2.0169229210415265E-5
0.13718308724545705,2.036554447794139E-5
0.13732190049954454,2.0561859745467515E-5
0.137453592692029,2.0813281674525486E-5
0.13758528488451344,2.1064703603583457E-5
0.13771022132287225,2.1309423017116563E-5
0.13783515776123106,2.1554142430649666E-5
0.13795368501282163,2.182237408973275E-5
0.13807221226441216,2.209060574881584E-5
0.1381846591178321,2.24272419388222E-5
0.13829710597125203,2.2763878128828565E-5
0.13840378434838224,2.3129086874807934E-5
0.13851046272551246,2.34942956207873E-5
0.13861166854677254,2.4053145463177448E-5
0.13871287436803265,2.4611995305567597E-5
0.13880888837324923,2.4760674925631598E-5
0.13890490237846584,2.4909354545695596E-5
0.13899599090563064,2.703930704839243E-5
0.1390870794327954,2.916925955108926E-5
0.13917349515687327,2.432272495149467E-5
0.13925991088095113,1.947619035190008E-5
0.13934189351478765,4.211340632556864E-5
0.13942387614862414,6.47506222992372E-5
0.13950165310789697,-1.6684986672236757E-5
0.1395794300671698,-9.812059564371071E-5
0.13965321710122822,2.2100064358964605E-4
0.13972700413528663,5.401218828230028E-4
0.13979700592720726,-6.7565059281186E-4
0.13986700771912788,-0.0018914230684467228
0.13993350385956393,0.0028024329458888127
0.14,0.007496288960224348
